,model,batch_size,epochs,dataset_size,time_to_train,time_to_retrain,time_to_predict,accuracy,name
0,RNN,128,1,15000,4.67804479598999,0.9727964401245117,1.9195549488067627,0.7800999879837036,Philippa
1,FNN,128,1,15000,4.312914848327637,2.8917508125305176,0.8951272964477539,0.8802000284194946,Philippa
2,CNN,128,1,15000,4.943910360336304,3.4973840713500977,1.1800594329833984,0.9218999743461609,Philippa
3,RNN,128,1,15600,3.8066213130950928,1.0222969055175781,1.3101308345794678,0.718999981880188,Philippa
4,FNN,128,1,15600,4.1511476039886475,3.3984780311584473,0.9287033081054688,0.8903999924659729,Philippa
5,CNN,128,1,15600,4.85228419303894,3.5377533435821533,1.2654552459716797,0.9311000108718872,Philippa
6,RNN,128,1,16200,3.632012128829956,1.0415303707122803,1.2780909538269043,0.7468000054359436,Philippa
7,FNN,128,1,16200,4.304348707199097,2.9988327026367188,0.9016385078430176,0.8833000063896179,Philippa
8,CNN,128,1,16200,4.862689256668091,4.1936609745025635,1.5394010543823242,0.9380999803543091,Philippa
9,RNN,128,1,16800,3.777691125869751,1.0712370872497559,1.284672498703003,0.7426000237464905,Philippa
10,FNN,128,1,16800,4.680907964706421,3.17907977104187,0.9194109439849854,0.8888999819755554,Philippa
11,CNN,128,1,16800,5.38316011428833,3.8401174545288086,1.2682342529296875,0.9401000142097473,Philippa
12,RNN,128,1,17400,4.244250535964966,1.184751272201538,1.3338110446929932,0.7825000286102295,Philippa
13,FNN,128,1,17400,4.629124879837036,3.284031629562378,0.9277067184448242,0.8840000033378601,Philippa
14,CNN,128,1,17400,5.094128847122192,4.079965591430664,1.2450668811798096,0.9383000135421753,Philippa
15,RNN,128,1,18000,4.161981105804443,1.1460952758789062,1.3030381202697754,0.6855000257492065,Philippa
16,FNN,128,1,18000,4.9912269115448,4.013744115829468,0.8963148593902588,0.9021000266075134,Philippa
17,CNN,128,1,18000,8.81491756439209,4.286915302276611,1.2589898109436035,0.9416999816894531,Philippa
18,RNN,128,1,18600,9.77711296081543,1.6331326961517334,1.7849011421203613,0.8192999958992004,Philippa
19,FNN,128,1,18600,6.419803857803345,4.15031623840332,1.296924114227295,0.8956000208854675,Philippa
20,CNN,128,1,18600,6.898083209991455,4.373876571655273,1.269864797592163,0.9423999786376953,Philippa
21,RNN,128,1,19200,3.7899320125579834,1.2592473030090332,1.3859636783599854,0.7559999823570251,Philippa
22,FNN,128,1,19200,4.882492303848267,3.626096248626709,0.8998162746429443,0.8903999924659729,Philippa
23,CNN,128,1,19200,5.538083553314209,4.324262380599976,1.2556724548339844,0.9476000070571899,Philippa
24,RNN,128,1,19800,3.997262716293335,1.2592923641204834,1.4470453262329102,0.7724999785423279,Philippa
25,FNN,128,1,19800,4.98703408241272,3.751559019088745,0.9619629383087158,0.8984000086784363,Philippa
26,CNN,128,1,19800,7.9025256633758545,4.556659460067749,1.2903316020965576,0.9488999843597412,Philippa
27,RNN,128,1,20400,4.071110725402832,1.3215258121490479,1.4063968658447266,0.8194000124931335,Philippa
28,FNN,128,1,20400,6.215790271759033,4.072862863540649,0.9700109958648682,0.8942000269889832,Philippa
29,CNN,128,1,20400,6.094790697097778,4.844923496246338,1.2701222896575928,0.9501000046730042,Philippa
30,RNN,128,1,21000,4.0841734409332275,1.403681993484497,1.3561344146728516,0.7560999989509583,Philippa
31,FNN,128,1,21000,5.250162363052368,3.8876311779022217,0.899728536605835,0.8618000149726868,Philippa
32,CNN,128,1,21000,5.959471940994263,4.752285957336426,1.2826778888702393,0.9508000016212463,Philippa
33,RNN,128,1,21600,3.9420711994171143,1.3667047023773193,1.4097726345062256,0.795199990272522,Philippa
34,FNN,128,1,21600,5.300583600997925,4.116819381713867,0.9064350128173828,0.8744999766349792,Philippa
35,CNN,128,1,21600,6.158346652984619,5.802264928817749,1.249936819076538,0.9513000249862671,Philippa
36,RNN,128,1,22200,5.374898433685303,1.4374079704284668,1.7578861713409424,0.803600013256073,Philippa
37,FNN,128,1,22200,5.593664169311523,4.256101131439209,0.9343039989471436,0.8898000121116638,Philippa
38,CNN,128,1,22200,7.681658744812012,5.638422250747681,1.7919492721557617,0.949999988079071,Philippa
39,RNN,128,1,22800,4.396375417709351,1.3602726459503174,1.401313304901123,0.7781999707221985,Philippa
40,FNN,128,1,22800,5.6330726146698,4.281147480010986,0.9804024696350098,0.870199978351593,Philippa
41,CNN,128,1,22800,7.009295463562012,5.633616924285889,1.497983694076538,0.9474999904632568,Philippa
42,RNN,128,1,23400,4.64504861831665,1.4306082725524902,1.4280545711517334,0.7576000094413757,Philippa
43,FNN,128,1,23400,6.121378660202026,4.938277244567871,1.1871740818023682,0.8992999792098999,Philippa
44,CNN,128,1,23400,6.987089395523071,5.776709794998169,1.563056230545044,0.955299973487854,Philippa
45,RNN,128,1,24000,4.443296432495117,1.4960196018218994,1.3505399227142334,0.7991999983787537,Philippa
46,FNN,128,1,24000,5.886859655380249,4.548202037811279,1.0380685329437256,0.9006999731063843,Philippa
47,CNN,128,1,24000,9.01059603691101,5.570552349090576,1.2734389305114746,0.9539999961853027,Philippa
48,RNN,128,1,24600,4.2121617794036865,1.5883142948150635,1.347801685333252,0.8276000022888184,Philippa
49,FNN,128,1,24600,5.838017463684082,4.796759366989136,0.9176661968231201,0.9014000296592712,Philippa
50,CNN,128,1,24600,6.8979527950286865,5.514901638031006,1.2554066181182861,0.9519000053405762,Philippa
51,RNN,128,1,25200,4.241877555847168,1.6842145919799805,1.320685863494873,0.8360999822616577,Philippa
52,FNN,128,1,25200,5.955071687698364,4.614618301391602,0.9109976291656494,0.9017000198364258,Philippa
53,CNN,128,1,25200,6.979732513427734,5.609430313110352,1.2571101188659668,0.9574999809265137,Philippa
54,RNN,128,1,25800,4.24346923828125,1.5810112953186035,1.3172495365142822,0.8068000078201294,Philippa
55,FNN,128,1,25800,6.089267253875732,5.959017038345337,1.109462022781372,0.8873999714851379,Philippa
56,CNN,128,1,25800,7.469547510147095,6.28582763671875,1.2539021968841553,0.9570000171661377,Philippa
57,RNN,128,1,26400,4.430832386016846,1.6557338237762451,2.1060101985931396,0.807699978351593,Philippa
58,FNN,128,1,26400,6.3542256355285645,4.861459970474243,0.9117038249969482,0.9014000296592712,Philippa
59,CNN,128,1,26400,7.213812828063965,5.866033554077148,1.2431674003601074,0.9555000066757202,Philippa
60,RNN,128,1,27000,5.714930772781372,1.6522903442382812,1.3489398956298828,0.8398000001907349,Philippa
61,FNN,128,1,27000,6.266911268234253,5.000062465667725,0.9475703239440918,0.9003999829292297,Philippa
62,CNN,128,1,27000,7.2700254917144775,6.067201137542725,1.245835304260254,0.9552000164985657,Philippa
63,RNN,128,1,27600,4.382046461105347,1.682121992111206,1.330613136291504,0.7810999751091003,Philippa
64,FNN,128,1,27600,6.434355974197388,5.068221092224121,0.9107801914215088,0.8985000252723694,Philippa
65,CNN,128,1,27600,8.040233373641968,6.157689332962036,1.2767417430877686,0.9580000042915344,Philippa
66,RNN,128,1,28200,5.404621124267578,1.6826698780059814,1.3405711650848389,0.8234999775886536,Philippa
67,FNN,128,1,28200,6.68183159828186,5.272078514099121,0.9058096408843994,0.9067000150680542,Philippa
68,CNN,128,1,28200,7.614705801010132,6.555089235305786,1.233419418334961,0.9578999876976013,Philippa
69,RNN,128,1,28800,4.350082159042358,1.66172194480896,1.314880132675171,0.8065000176429749,Philippa
70,FNN,128,1,28800,6.855610609054565,5.307733535766602,0.9150981903076172,0.9052000045776367,Philippa
71,CNN,128,1,28800,7.657447338104248,6.385716915130615,1.2855732440948486,0.9595000147819519,Philippa
72,RNN,128,1,29400,4.399347543716431,1.7895987033843994,1.3101627826690674,0.8479999899864197,Philippa
73,FNN,128,1,29400,6.924568176269531,5.3357837200164795,1.054957389831543,0.9104999899864197,Philippa
74,CNN,128,1,29400,10.273162841796875,6.5914342403411865,1.3290009498596191,0.9567000269889832,Philippa
75,RNN,128,1,30000,4.6142988204956055,1.898902177810669,1.3956842422485352,0.7876999974250793,Philippa
76,FNN,128,1,30000,6.950891733169556,5.500345945358276,0.9328620433807373,0.9056000113487244,Philippa
77,CNN,128,1,30000,7.905782222747803,6.735767364501953,1.192826509475708,0.960099995136261,Philippa
78,RNN,128,1,30600,4.5960376262664795,1.8957312107086182,1.3423466682434082,0.8352000117301941,Philippa
79,FNN,128,1,30600,6.880385160446167,5.656452417373657,0.9167366027832031,0.9060999751091003,Philippa
80,CNN,128,1,30600,8.03392767906189,6.805928468704224,1.1944653987884521,0.9631999731063843,Philippa
81,RNN,128,1,31200,4.497600793838501,1.8562510013580322,1.3253462314605713,0.8105999827384949,Philippa
82,FNN,128,1,31200,7.052575588226318,5.8330395221710205,0.916104793548584,0.9086999893188477,Philippa
83,CNN,128,1,31200,8.129010200500488,6.897498369216919,1.193636417388916,0.9581000208854675,Philippa
84,RNN,128,1,31800,4.7277233600616455,1.911367416381836,1.3944041728973389,0.8258000016212463,Philippa
85,FNN,128,1,31800,7.173918008804321,5.813004970550537,0.9193253517150879,0.9028000235557556,Philippa
86,CNN,128,1,31800,8.461944103240967,7.031402111053467,1.1837265491485596,0.9602000117301941,Philippa
87,RNN,128,1,32400,4.65545654296875,1.9778938293457031,1.3170537948608398,0.8452000021934509,Philippa
88,FNN,128,1,32400,7.273918390274048,6.773653745651245,0.9228346347808838,0.9045000076293945,Philippa
89,CNN,128,1,32400,8.61532187461853,7.1473071575164795,1.2949347496032715,0.9603000283241272,Philippa
90,RNN,128,1,33000,4.635572195053101,1.8956713676452637,1.3014376163482666,0.8529000282287598,Philippa
91,FNN,128,1,33000,9.60267448425293,6.544557094573975,0.9705855846405029,0.9101999998092651,Philippa
92,CNN,128,1,33000,8.835788488388062,7.4035985469818115,1.362583875656128,0.9602000117301941,Philippa
93,RNN,128,1,33600,4.806475639343262,2.0679359436035156,1.3772516250610352,0.7224000096321106,Philippa
94,FNN,128,1,33600,7.496883869171143,6.446639776229858,0.9377415180206299,0.9111999869346619,Philippa
95,CNN,128,1,33600,8.82444453239441,7.405173063278198,1.2662184238433838,0.9649999737739563,Philippa
96,RNN,128,1,34200,4.833426237106323,2.0370140075683594,1.3548214435577393,0.891700029373169,Philippa
97,FNN,128,1,34200,7.890369653701782,6.287176609039307,0.9070289134979248,0.904699981212616,Philippa
98,CNN,128,1,34200,8.89145278930664,7.558539390563965,1.1877179145812988,0.9617000222206116,Philippa
99,RNN,128,1,34800,4.894329309463501,2.084928512573242,1.358243465423584,0.8808000087738037,Philippa
100,FNN,128,1,34800,7.705379009246826,6.28039026260376,0.9533658027648926,0.8981000185012817,Philippa
101,CNN,128,1,34800,8.976809978485107,7.688073396682739,1.1823701858520508,0.9614999890327454,Philippa
102,RNN,128,1,35400,4.792774438858032,2.1327507495880127,1.322817087173462,0.8665000200271606,Philippa
103,FNN,128,1,35400,7.8371148109436035,6.38386607170105,0.9961400032043457,0.9129999876022339,Philippa
104,CNN,128,1,35400,9.033262014389038,7.747683525085449,1.1743624210357666,0.9649999737739563,Philippa
105,RNN,128,1,36000,4.858519792556763,2.146658420562744,1.4042551517486572,0.807200014591217,Philippa
106,FNN,128,1,36000,7.807178258895874,6.640048503875732,0.9153618812561035,0.9096999764442444,Philippa
107,CNN,128,1,36000,9.222124099731445,8.004337787628174,1.2078816890716553,0.9645000100135803,Philippa
108,RNN,128,1,36600,4.7938642501831055,2.1301794052124023,1.301358699798584,0.8816999793052673,Philippa
109,FNN,128,1,36600,8.412930727005005,6.61262059211731,0.9029958248138428,0.9103999733924866,Philippa
110,CNN,128,1,36600,9.36215591430664,8.237475633621216,1.2094535827636719,0.9642999768257141,Philippa
111,RNN,128,1,37200,9.459805488586426,2.4318912029266357,1.375516653060913,0.8062000274658203,Philippa
112,FNN,128,1,37200,8.311820268630981,7.10362434387207,0.9552581310272217,0.8953999876976013,Philippa
113,CNN,128,1,37200,9.936068773269653,8.263356447219849,1.2738573551177979,0.9660000205039978,Philippa
114,RNN,128,1,37800,5.16814112663269,2.357936382293701,1.4303288459777832,0.8497999906539917,Philippa
115,FNN,128,1,37800,8.716171026229858,7.087346076965332,1.0033974647521973,0.90829998254776,Philippa
116,CNN,128,1,37800,9.761817216873169,8.602544069290161,1.2771973609924316,0.963100016117096,Philippa
117,RNN,128,1,38400,4.93562912940979,2.333190441131592,1.3775246143341064,0.7628999948501587,Philippa
118,FNN,128,1,38400,8.461693525314331,7.426031827926636,0.965883731842041,0.907800018787384,Philippa
119,CNN,128,1,38400,9.827905178070068,8.471317529678345,1.2578046321868896,0.9653000235557556,Philippa
120,RNN,128,1,39000,5.228192090988159,2.2528276443481445,1.3434882164001465,0.8690999746322632,Philippa
121,FNN,128,1,39000,8.522293090820312,7.149933338165283,0.9209418296813965,0.9114999771118164,Philippa
122,CNN,128,1,39000,9.889597654342651,8.93709945678711,1.2275521755218506,0.96670001745224,Philippa
123,RNN,128,1,39600,5.04649543762207,2.3265624046325684,1.337594985961914,0.8820000290870667,Philippa
124,FNN,128,1,39600,9.772220849990845,7.149183034896851,0.9369797706604004,0.9114999771118164,Philippa
125,CNN,128,1,39600,10.28836727142334,8.751932621002197,1.2057569026947021,0.9656000137329102,Philippa
126,RNN,128,1,40200,5.452943563461304,2.2773373126983643,1.3395967483520508,0.8180000185966492,Philippa
127,FNN,128,1,40200,8.735654354095459,8.029134511947632,0.9232850074768066,0.9135000109672546,Philippa
128,CNN,128,1,40200,12.515082120895386,9.565714597702026,1.5144639015197754,0.9679999947547913,Philippa
129,RNN,128,1,40800,5.116291761398315,2.3028757572174072,1.3457460403442383,0.888700008392334,Philippa
130,FNN,128,1,40800,8.784310579299927,7.450894355773926,0.9207017421722412,0.9121000170707703,Philippa
131,CNN,128,1,40800,10.732980728149414,9.418310642242432,1.2492091655731201,0.9682000279426575,Philippa
132,RNN,128,1,41400,5.161468505859375,2.576801300048828,1.3387706279754639,0.8672999739646912,Philippa
133,FNN,128,1,41400,8.822981119155884,7.549139738082886,0.9243001937866211,0.9120000004768372,Philippa
134,CNN,128,1,41400,24.581695079803467,9.856370687484741,1.4806771278381348,0.9628000259399414,Philippa
135,RNN,128,1,42000,7.119430065155029,3.093120813369751,1.5903558731079102,0.8795999884605408,Philippa
136,FNN,128,1,42000,9.737088680267334,7.862254619598389,1.045640230178833,0.9128999710083008,Philippa
137,CNN,128,1,42000,10.97635817527771,9.647006750106812,1.2770984172821045,0.9671000242233276,Philippa
138,RNN,128,1,42600,6.230287790298462,2.8034191131591797,1.5190095901489258,0.8859000205993652,Philippa
139,FNN,128,1,42600,9.363731145858765,7.914642333984375,0.9711334705352783,0.9088000059127808,Philippa
140,CNN,128,1,42600,10.87142562866211,9.629332542419434,1.2471437454223633,0.9678999781608582,Philippa
141,RNN,128,1,43200,5.948519229888916,2.7198708057403564,1.4542458057403564,0.870199978351593,Philippa
142,FNN,128,1,43200,9.286962032318115,8.209996223449707,0.9542348384857178,0.9107000231742859,Philippa
143,CNN,128,1,43200,11.932495355606079,9.602563381195068,1.208064317703247,0.968500018119812,Philippa
144,RNN,128,1,43800,5.513735771179199,2.5406877994537354,1.4021244049072266,0.878000020980835,Philippa
145,FNN,128,1,43800,9.346033096313477,8.040769815444946,0.9358947277069092,0.9129999876022339,Philippa
146,CNN,128,1,43800,11.00786828994751,9.672718048095703,1.2095251083374023,0.9692000150680542,Philippa
147,RNN,128,1,44400,5.550505876541138,2.7679221630096436,1.4460556507110596,0.9010000228881836,Philippa
148,FNN,128,1,44400,9.408078670501709,9.523411989212036,0.9210610389709473,0.916100025177002,Philippa
149,CNN,128,1,44400,11.657140493392944,9.77633810043335,1.2649211883544922,0.9681000113487244,Philippa
150,RNN,128,1,45000,5.724306583404541,2.6110992431640625,1.3807685375213623,0.8770999908447266,Philippa
151,FNN,128,1,45000,9.654977321624756,8.145881175994873,0.9310681819915771,0.913100004196167,Philippa
152,CNN,128,1,45000,11.386936902999878,10.289443731307983,1.2060647010803223,0.970300018787384,Philippa
153,RNN,128,1,45600,5.765849590301514,2.6415464878082275,1.3527560234069824,0.8525999784469604,Philippa
154,FNN,128,1,45600,9.763885736465454,8.232333421707153,0.9256157875061035,0.9128999710083008,Philippa
155,CNN,128,1,45600,11.510055780410767,10.087695598602295,1.2004802227020264,0.9684000015258789,Philippa
156,RNN,128,1,46200,5.502194881439209,2.6796443462371826,1.3358888626098633,0.8037999868392944,Philippa
157,FNN,128,1,46200,9.757268905639648,8.311550855636597,0.921973466873169,0.913100004196167,Philippa
158,CNN,128,1,46200,11.4685537815094,10.320280313491821,1.1905813217163086,0.9704999923706055,Philippa
159,RNN,128,1,46800,5.596967935562134,2.8001575469970703,1.343358039855957,0.8924999833106995,Philippa
160,FNN,128,1,46800,25.34992742538452,10.971842050552368,1.1611669063568115,0.9144999980926514,Philippa
161,CNN,128,1,46800,13.033451080322266,10.602471113204956,1.4488489627838135,0.9634000062942505,Philippa
162,RNN,128,1,47400,7.573970317840576,3.353142261505127,1.7363884449005127,0.8683000206947327,Philippa
163,FNN,128,1,47400,10.79177737236023,8.875940084457397,1.0739169120788574,0.9088000059127808,Philippa
164,CNN,128,1,47400,12.494193077087402,10.729057312011719,1.3506550788879395,0.9700000286102295,Philippa
165,RNN,128,1,48000,7.202481746673584,3.204603672027588,1.5945425033569336,0.906000018119812,Philippa
166,FNN,128,1,48000,10.778873443603516,8.86543583869934,1.0212712287902832,0.9085999727249146,Philippa
167,CNN,128,1,48000,12.30596375465393,10.731990575790405,1.3164803981781006,0.9682999849319458,Philippa
168,RNN,128,1,48600,6.4838855266571045,3.043398380279541,1.5095083713531494,0.8781999945640564,Philippa
169,FNN,128,1,48600,10.486178874969482,8.961051940917969,0.9837460517883301,0.9132000207901001,Philippa
170,CNN,128,1,48600,12.1873459815979,10.86902403831482,1.2462162971496582,0.972000002861023,Philippa
171,RNN,128,1,49200,6.180282354354858,2.903657913208008,1.4596447944641113,0.881600022315979,Philippa
172,FNN,128,1,49200,10.443432331085205,9.058695554733276,1.0030462741851807,0.9175999760627747,Philippa
173,CNN,128,1,49200,12.385007858276367,10.899621486663818,1.2365341186523438,0.9699000120162964,Philippa
174,RNN,128,1,49800,5.945328950881958,2.847852945327759,1.4005372524261475,0.8759999871253967,Philippa
175,FNN,128,1,49800,10.388851642608643,9.230466604232788,0.9329233169555664,0.9189000129699707,Philippa
176,CNN,128,1,49800,12.498804569244385,10.950825214385986,1.224186897277832,0.9704999923706055,Philippa
177,RNN,128,1,50400,5.733531713485718,2.942086696624756,1.4021086692810059,0.9013000130653381,Philippa
178,FNN,128,1,50400,10.487623691558838,9.302926778793335,0.9211523532867432,0.9143000245094299,Philippa
179,CNN,128,1,50400,12.98518180847168,11.474389553070068,1.2294809818267822,0.9692999720573425,Philippa
180,RNN,128,1,51000,6.47367000579834,2.904047966003418,1.4194777011871338,0.8938000202178955,Philippa
181,FNN,128,1,51000,10.650094747543335,9.847527265548706,1.4069850444793701,0.9138000011444092,Philippa
182,CNN,128,1,51000,12.648334980010986,11.213497400283813,1.2645046710968018,0.9717000126838684,Philippa
183,RNN,128,1,51600,6.214051961898804,3.030104160308838,1.4627704620361328,0.8737000226974487,Philippa
184,FNN,128,1,51600,10.859241008758545,9.419710874557495,0.9392642974853516,0.9125999808311462,Philippa
185,CNN,128,1,51600,12.787831783294678,11.698275804519653,1.2733018398284912,0.9710999727249146,Philippa
186,RNN,128,1,52200,6.128943681716919,3.0769925117492676,1.4102299213409424,0.8711000084877014,Philippa
187,FNN,128,1,52200,14.152792930603027,9.854910373687744,1.3305151462554932,0.9143000245094299,Philippa
188,CNN,128,1,52200,13.357264518737793,11.94552755355835,1.2973012924194336,0.9706000089645386,Philippa
189,RNN,128,1,52800,7.180292367935181,3.366389751434326,1.5278923511505127,0.8913000226020813,Philippa
190,FNN,128,1,52800,12.315971851348877,9.60908579826355,1.0510468482971191,0.9139999747276306,Philippa
191,CNN,128,1,52800,33.627321004867554,13.9992356300354,1.6352782249450684,0.9710000157356262,Philippa
192,RNN,128,1,53400,8.763592004776001,3.9038357734680176,1.7529332637786865,0.906499981880188,Philippa
193,FNN,128,1,53400,12.343729496002197,10.031626462936401,1.0947461128234863,0.9074000120162964,Philippa
194,CNN,128,1,53400,14.087265729904175,12.123229742050171,1.513808250427246,0.97079998254776,Philippa
195,RNN,128,1,54000,8.309488296508789,3.649846076965332,1.6828606128692627,0.8903999924659729,Philippa
196,FNN,128,1,54000,12.032764434814453,10.16715407371521,1.045841932296753,0.9164999723434448,Philippa
197,CNN,128,1,54000,14.080865859985352,12.107159852981567,1.3765544891357422,0.972000002861023,Philippa
198,RNN,128,1,54600,7.902996778488159,3.7485740184783936,1.7076458930969238,0.900600016117096,Philippa
199,FNN,128,1,54600,11.806543588638306,10.206453800201416,1.0163323879241943,0.9120000004768372,Philippa
200,CNN,128,1,54600,13.93347716331482,12.449875593185425,1.363436222076416,0.9693999886512756,Philippa
201,RNN,128,1,55200,7.36910080909729,3.520704507827759,1.58205246925354,0.8834999799728394,Philippa
202,FNN,128,1,55200,12.50891637802124,10.11228060722351,0.9883508682250977,0.917900025844574,Philippa
203,CNN,128,1,55200,13.8321533203125,12.436225891113281,1.291914701461792,0.9732999801635742,Philippa
204,RNN,128,1,55800,7.035585403442383,3.3986990451812744,1.4922258853912354,0.8453999757766724,Philippa
205,FNN,128,1,55800,11.746578693389893,10.391404151916504,0.9688458442687988,0.9139000177383423,Philippa
206,CNN,128,1,55800,22.023722887039185,12.26521897315979,1.2826330661773682,0.9736999869346619,Philippa
207,RNN,128,1,56400,6.651593208312988,3.3117926120758057,1.4348905086517334,0.8978999853134155,Philippa
208,FNN,128,1,56400,11.70464825630188,10.253171443939209,1.0038330554962158,0.9154000282287598,Philippa
209,CNN,128,1,56400,15.4660325050354,12.66235637664795,1.4405040740966797,0.9710999727249146,Philippa
210,RNN,128,1,57000,6.907963991165161,3.60117769241333,1.5397942066192627,0.8069000244140625,Philippa
211,FNN,128,1,57000,12.751039743423462,10.328184604644775,1.2017595767974854,0.9176999926567078,Philippa
212,CNN,128,1,57000,14.356577157974243,12.6444091796875,1.262333869934082,0.9717000126838684,Philippa
213,RNN,128,1,57600,6.674054861068726,3.931854486465454,1.5174872875213623,0.9025999903678894,Philippa
214,FNN,128,1,57600,12.93340015411377,11.012231826782227,1.0079879760742188,0.9143000245094299,Philippa
215,CNN,128,1,57600,14.761008024215698,13.006827592849731,1.3771355152130127,0.9714000225067139,Philippa
216,RNN,128,1,58200,7.592414617538452,3.4381537437438965,1.6986188888549805,0.863099992275238,Philippa
217,FNN,128,1,58200,12.515520572662354,10.444757223129272,0.9948704242706299,0.9164999723434448,Philippa
218,CNN,128,1,58200,14.643516540527344,12.916528940200806,1.316892147064209,0.9731000065803528,Philippa
219,RNN,128,1,58800,7.305749177932739,3.3706130981445312,1.5535266399383545,0.9122999906539917,Philippa
220,FNN,128,1,58800,12.382446527481079,10.587434530258179,0.9889991283416748,0.9160000085830688,Philippa
221,CNN,128,1,58800,14.675134420394897,13.04063630104065,1.2980496883392334,0.9739999771118164,Philippa
222,RNN,128,1,59400,7.093286037445068,3.458811044692993,1.5807721614837646,0.8816999793052673,Philippa
223,FNN,128,1,59400,12.422933578491211,10.725280523300171,0.9599852561950684,0.909600019454956,Philippa
224,CNN,128,1,59400,14.700469970703125,13.241909265518188,1.2970283031463623,0.9753999710083008,Philippa
225,RNN,128,1,60000,7.003584623336792,3.5635032653808594,1.5051705837249756,0.8586999773979187,Philippa
226,FNN,128,1,60000,38.97579026222229,14.465965270996094,2.017561674118042,0.9147999882698059,Philippa
227,CNN,128,1,60000,17.486931800842285,14.464372396469116,1.5710697174072266,0.9732000231742859,Philippa
228,RNN,128,1,60000,10.484964847564697,4.5619447231292725,2.0733277797698975,0.8440999984741211,Philippa
229,FNN,128,1,60000,14.142569780349731,12.359750986099243,1.1534407138824463,0.9153000116348267,Philippa
230,CNN,128,1,60000,17.01054310798645,14.472392797470093,1.455409049987793,0.9764000177383423,Philippa
231,RNN,128,1,60000,9.61386251449585,4.345814943313599,1.8939850330352783,0.9067999720573425,Philippa
232,FNN,128,1,60000,13.989851951599121,11.944211483001709,1.1418664455413818,0.9154999852180481,Philippa
233,CNN,128,1,60000,16.37376594543457,14.158642053604126,1.4879589080810547,0.9750000238418579,Philippa
234,RNN,128,1,60000,9.833536386489868,4.219512462615967,2.055722236633301,0.861299991607666,Philippa
235,FNN,128,1,60000,14.025175094604492,11.740405082702637,1.1351919174194336,0.913100004196167,Philippa
236,CNN,128,1,60000,17.13737916946411,14.161746978759766,1.6105589866638184,0.9718000292778015,Philippa
237,RNN,128,1,60000,9.427917957305908,4.061064958572388,1.9795901775360107,0.8823000192642212,Philippa
238,FNN,128,1,60000,14.201976299285889,11.792656183242798,1.1614480018615723,0.9194999933242798,Philippa
239,CNN,128,1,60000,16.64885902404785,13.815011978149414,1.4927849769592285,0.9732999801635742,Philippa
240,RNN,128,1,15000,6.109982967376709,1.072418451309204,1.8250384330749512,0.6233000159263611,Philippa
241,FNN,128,1,15000,5.098483562469482,2.960279941558838,1.0419244766235352,0.8889999985694885,Philippa
242,CNN,128,1,15000,5.769676923751831,3.558847427368164,1.3131861686706543,0.9275000095367432,Philippa
243,RNN,128,1,15600,5.713312149047852,1.123004674911499,1.669370174407959,0.6733999848365784,Philippa
244,FNN,128,1,15600,5.044061899185181,3.0259900093078613,1.0115039348602295,0.8858000040054321,Philippa
245,CNN,128,1,15600,5.96359395980835,3.6161601543426514,1.2426753044128418,0.9365000128746033,Philippa
246,RNN,128,1,16200,4.888840913772583,1.0859143733978271,1.5288050174713135,0.6658999919891357,Philippa
247,FNN,128,1,16200,4.743736743927002,3.1246440410614014,0.9625687599182129,0.8888000249862671,Philippa
248,CNN,128,1,16200,5.854006052017212,3.955756425857544,1.3346543312072754,0.9368000030517578,Philippa
249,RNN,128,1,16800,5.132455587387085,1.162426471710205,1.6123292446136475,0.6884999871253967,Philippa
250,FNN,128,1,16800,5.005525827407837,3.2108986377716064,0.9947559833526611,0.8902999758720398,Philippa
251,CNN,128,1,16800,5.688310384750366,3.8826494216918945,1.2633228302001953,0.939300000667572,Philippa
252,RNN,128,1,17400,4.759599924087524,1.1842164993286133,1.5452086925506592,0.6614000201225281,Philippa
253,FNN,128,1,17400,4.941967248916626,3.3253347873687744,0.9713408946990967,0.8865000009536743,Philippa
254,CNN,128,1,17400,5.619759559631348,4.063875436782837,1.2288334369659424,0.9412999749183655,Philippa
255,RNN,128,1,18000,4.820766448974609,1.2153465747833252,1.531935453414917,0.6220999956130981,Philippa
256,FNN,128,1,18000,5.0940468311309814,3.457768201828003,0.9591372013092041,0.8623999953269958,Philippa
257,CNN,128,1,18000,5.670156240463257,4.110152959823608,1.364659309387207,0.9409999847412109,Philippa
258,RNN,128,1,18600,4.730345726013184,1.2899117469787598,1.6387901306152344,0.6334999799728394,Philippa
259,FNN,128,1,18600,5.1687750816345215,3.5716371536254883,0.968585729598999,0.8745999932289124,Philippa
260,CNN,128,1,18600,5.943173408508301,4.375156402587891,1.3114368915557861,0.9386000037193298,Philippa
261,RNN,128,1,19200,4.33872652053833,1.2611181735992432,1.704423189163208,0.7113999724388123,Philippa
262,FNN,128,1,19200,5.354036092758179,4.4757490158081055,0.9851481914520264,0.8960000276565552,Philippa
263,CNN,128,1,19200,6.635791540145874,4.476113796234131,1.3815522193908691,0.9465000033378601,Philippa
264,RNN,128,1,19800,5.419720888137817,1.3124973773956299,1.615065097808838,0.7871000170707703,Philippa
265,FNN,128,1,19800,5.7352986335754395,3.8107481002807617,1.0141358375549316,0.8792999982833862,Philippa
266,CNN,128,1,19800,7.719104290008545,4.557440757751465,1.311903715133667,0.9476000070571899,Philippa
267,RNN,128,1,20400,7.5093536376953125,1.8176016807556152,2.081777811050415,0.7605999708175659,Philippa
268,FNN,128,1,20400,6.417340993881226,4.560072898864746,1.3177638053894043,0.8715999722480774,Philippa
269,CNN,128,1,20400,7.199895620346069,5.324700832366943,1.4652667045593262,0.9452999830245972,Philippa
270,RNN,128,1,21000,6.904016733169556,2.204449415206909,1.896045207977295,0.7914000153541565,Philippa
271,FNN,128,1,21000,6.576364040374756,4.173762559890747,1.166452169418335,0.9003000259399414,Philippa
272,CNN,128,1,21000,7.166887998580933,5.009341716766357,1.4561703205108643,0.9473000168800354,Philippa
273,RNN,128,1,21600,6.724553346633911,1.7139928340911865,1.7650327682495117,0.7060999870300293,Philippa
274,FNN,128,1,21600,6.411061763763428,4.230870246887207,1.119286298751831,0.9007999897003174,Philippa
275,CNN,128,1,21600,7.088083505630493,5.078557729721069,1.427565336227417,0.9492999911308289,Philippa
276,RNN,128,1,22200,6.130364656448364,1.7956933975219727,1.6901519298553467,0.7773000001907349,Philippa
277,FNN,128,1,22200,6.369759559631348,4.677978277206421,1.0559687614440918,0.8953999876976013,Philippa
278,CNN,128,1,22200,7.324418306350708,5.23163366317749,1.3904974460601807,0.9526000022888184,Philippa
279,RNN,128,1,22800,5.664551019668579,1.7077782154083252,1.6434760093688965,0.7405999898910522,Philippa
280,FNN,128,1,22800,6.3997275829315186,4.5116283893585205,1.0586442947387695,0.8962000012397766,Philippa
281,CNN,128,1,22800,7.437360048294067,5.370343446731567,1.3607382774353027,0.9509999752044678,Philippa
282,RNN,128,1,23400,5.823263645172119,1.6252894401550293,1.6471245288848877,0.8008000254631042,Philippa
283,FNN,128,1,23400,6.402764320373535,4.6876060962677,1.050699234008789,0.8913999795913696,Philippa
284,CNN,128,1,23400,7.240082263946533,5.441856384277344,1.3947792053222656,0.948199987411499,Philippa
285,RNN,128,1,24000,7.4149487018585205,1.610403060913086,1.5691673755645752,0.7843999862670898,Philippa
286,FNN,128,1,24000,6.050759553909302,4.630085706710815,0.9817104339599609,0.8694000244140625,Philippa
287,CNN,128,1,24000,6.958517789840698,5.406770944595337,1.4891254901885986,0.9538000226020813,Philippa
288,RNN,128,1,24600,4.774497032165527,1.591888427734375,1.4682519435882568,0.7741000056266785,Philippa
289,FNN,128,1,24600,6.352347135543823,4.652616739273071,1.0050873756408691,0.9060999751091003,Philippa
290,CNN,128,1,24600,7.362903594970703,5.582424163818359,1.3296046257019043,0.9539999961853027,Philippa
291,RNN,128,1,25200,6.114753246307373,1.639026403427124,1.6998021602630615,0.7319999933242798,Philippa
292,FNN,128,1,25200,6.712876796722412,4.806720733642578,1.015002965927124,0.8824999928474426,Philippa
293,CNN,128,1,25200,7.950574159622192,5.716405630111694,1.371946096420288,0.9553999900817871,Philippa
294,RNN,128,1,25800,5.975992679595947,1.644261121749878,1.7274034023284912,0.7807999849319458,Philippa
295,FNN,128,1,25800,6.785729169845581,4.904154539108276,1.0218946933746338,0.8999000191688538,Philippa
296,CNN,128,1,25800,7.811777591705322,6.237839460372925,1.3371918201446533,0.9567000269889832,Philippa
297,RNN,128,1,26400,6.002563238143921,1.6966087818145752,1.778425693511963,0.8158000111579895,Philippa
298,FNN,128,1,26400,6.876230478286743,4.951592922210693,1.017507553100586,0.9000999927520752,Philippa
299,CNN,128,1,26400,8.451489210128784,5.992533206939697,1.2864913940429688,0.9570000171661377,Philippa
